CHROM	POS	He	FST	T1	T2	FSTNoCorr	T1NoCorr	T2NoCorr	meanAlleleFreq	pvalues	pvaluesRightTail	qvalues	OutlierFlag
1	21786	0.3151679999999999	0.1246956752113203	0.019732081769641533	0.15824190964283089	0.1442317556554861	0.022825201165663212	0.15825364575179818	0.804	2.020605904817785e-14	1.0103029524088925e-14	1.9185653066244868e-11	True
1	21818	0.3059354999999999	0.13337439032158566	0.020492556936650884	0.15364686494341423	0.15321252336335808	0.023542396844113012	0.15365843683861258	0.8115	6.661338147750939e-16	3.3306690738754696e-16	6.324940571289517e-13	True
1	21929	0.36635550000000006	0.16380182376285976	0.03016590807640976	0.18416100250557493	0.18467191552078166	0.03401206007196359	0.18417559581839132	0.7585	0.0	0.0	0.0	True
1	21930	0.36635550000000006	0.16380182376285984	0.030165908076409762	0.18416100250557485	0.18467191552078172	0.03401206007196359	0.18417559581839127	0.2415	0.0	0.0	0.0	True
1	22917	0.1472	0.0683842463170111	0.005045475854322622	0.07378125995471448	0.08601348963408872	0.006346608273037777	0.07378619679351435	0.92	1.4521107702059055e-05	7.2605538510295276e-06	0.013787791763105073	True
2	52204	0.1361954999999999	0.06997156663065209	0.0047767580985857185	0.06826713090189963	0.08673426292321841	0.005921475998870192	0.06827147426285486	0.9265	1.1639792288686834e-05	5.819896144343417e-06	0.01105198277810815	True
3	81391	0.3317999999999999	0.06218770547712919	0.010341401747652381	0.16629334799071568	0.08335736512074873	0.013862889100857107	0.16630670944044096	0.21	3.2490195520207266e-05	1.6245097760103633e-05	0.0308494406464368	True
3	81633	0.20123550000000012	0.07550753080927272	0.0076182022890570284	0.10089327789436167	0.09568693561605959	0.009654908035240125	0.10090100569193791	0.8865	6.846618638700619e-07	3.4233093193503095e-07	0.0006500864397446238	True
3	81730	0.42000000000000004	0.15223111755151314	0.03213082667508015	0.2110660894557742	0.17511067936827696	0.03696313698048654	0.21108442451273352	0.7	0.0	0.0	0.0	True
3	81785	0.41430199999999995	0.14520749701749527	0.030226205103086764	0.20815870890912036	0.1679368570860367	0.034960536049007465	0.2081766722066058	0.293	0.0	0.0	0.0	True
3	81872	0.284832	0.0787629566275333	0.011249248812541112	0.14282410531816797	0.10015538965155125	0.014305765444709488	0.1428357025466169	0.828	1.5768300376528543e-07	7.884150188264272e-08	0.00014972001207513852	True
3	81917	0.2822	0.07361961094887474	0.010415971375248578	0.14148365144828007	0.09521314169944305	0.013472207060559425	0.1414952476107427	0.17	7.98405015434156e-07	3.99202507717078e-07	0.0007580855621547311	True
3	86144	0.2157420000000001	0.0695936613809847	0.007526061507996726	0.10814291644746106	0.08809215785991734	0.009527211741239239	0.10815050933806447	0.877	7.650696032035498e-06	3.825348016017749e-06	0.007264335882417705	True
